[
{"shoplist": "Winchester USA Ready Match Large Pistol Primers 1000 Count", "prices": "$70.04", "oos": "Out of Stock", "manufacturer": "Winchester"},
{"shoplist": "Winchester USA Ready Match Large Rifle Primers 1000 Count", "prices": "$70.04", "oos": "Out of Stock", "manufacturer": "Winchester"},
{"shoplist": "Winchester USA Ready Match Small Pistol Primers 1000 Count", "prices": "$70.04", "oos": "Out of Stock", "manufacturer": "Winchester"},
{"shoplist": "Winchester USA Ready Match Small Rifle Primers 1000 Count", "prices": "$70.04", "oos": "Out of Stock", "manufacturer": "Winchester"},
{"shoplist": "Winchester Small Pistol Primers 1000 Count", "prices": "$60.90", "oos": "Out of Stock", "manufacturer": "Winchester"},
{"shoplist": "#500 Small Pistol Primer (1000 Count)", "prices": "$69.13", "oos": "Out of Stock", "manufacturer": "CCI "},
{"shoplist": "Winchester Large Pistol Primers 1000 Count", "prices": "$60.90", "oos": "Out of Stock", "manufacturer": "Winchester"},
{"shoplist": "#300 Large Pistol Primer (1000 Count)", "prices": "$69.13", "oos": "Out of Stock", "manufacturer": "CCI "},
{"shoplist": "Winchester Small Rifle Primers 1000 Count", "prices": "$60.90", "oos": "Out of Stock", "manufacturer": "Winchester"},
{"shoplist": "#400 Small Rifle Primer (1000 Count)", "prices": "$69.13", "oos": "Out of Stock", "manufacturer": "CCI "},
{"shoplist": "Winchester Large Rifle Primers 1000 Count", "prices": "$60.90", "oos": "Out of Stock", "manufacturer": "Winchester"},
{"shoplist": "#200 Large Rifle Primer (1000 Count)", "prices": "$69.13", "oos": "Out of Stock", "manufacturer": "CCI "},
{"shoplist": "Winchester Small Pistol Magnum Primers 1000 Count", "prices": "$60.90", "oos": "Out of Stock", "manufacturer": "Winchester"},
{"shoplist": "Winchester Magnum Large Rifle Primers 1000 Count", "prices": "$67.28", "oos": "Out of Stock", "manufacturer": "Winchester"},
{"shoplist": "#450 Magnum Small Rifle Primer (1000 Count)", "prices": "$76.26", "oos": "Out of Stock", "manufacturer": "CCI "},
{"shoplist": "#250 Magnum Large Rifle Primer (1000 Count)", "prices": "$76.26", "oos": "Out of Stock", "manufacturer": "CCI "},
{"shoplist": "#550 Magnum Small Pistol Primer (1000 Count)", "prices": "$69.13", "oos": "Out of Stock", "manufacturer": "CCI "},
{"shoplist": "#350 Magnum Large Pistol Primer (1000 Count)", "prices": "$76.26", "oos": "Out of Stock", "manufacturer": "CCI "},
{"shoplist": "Gold Medal Large Rifle Match Primer #GM210M (1000 Count)", "prices": "$76.42", "oos": "Out of Stock", "manufacturer": "Federal "},
{"shoplist": "#41 5.56 & 30 Carbine NATO Spec Primer 1000 Count", "prices": "$90.68", "oos": "Out of Stock", "manufacturer": "CCI "},
{"shoplist": "#34 7.62mm & 30-06 NATO Spec Primer 1000 Count", "prices": "$91.14", "oos": "Out of Stock", "manufacturer": "CCI "},
{"shoplist": "BR2 Large Rifle Bench Rest Primers (1000 Count)", "prices": "$121.52", "oos": "Out of Stock", "manufacturer": "CCI "},
{"shoplist": "BR4 Small Rifle Bench Rest Primer (1000 Count)", "prices": "$121.52", "oos": "Out of Stock", "manufacturer": "CCI "},
{"shoplist": "#35 50 Caliber BMG Primer (500 Count)", "prices": "$442.94", "oos": "Out of Stock", "manufacturer": "CCI "},
{"shoplist": "1 1/2 Small Pistol Primer (1000 Count)", "prices": "$59.67", "oos": "Out of Stock", "manufacturer": "Remington"},
{"shoplist": "2 1/2 Large Pistol Primer (1000 Count)", "prices": "$59.67", "oos": "Out of Stock", "manufacturer": "Remington"},
{"shoplist": "6 1/2 Small Rifle Primer (1000 Count)", "prices": "$59.67", "oos": "Out of Stock", "manufacturer": "Remington"},
{"shoplist": "9 1/2 Large Rifle Primer (1000 Count)", "prices": "$59.67", "oos": "Out of Stock", "manufacturer": "Remington"},
{"shoplist": "9 1/2 Magnum Large Rifle Primer (1000 Count)", "prices": "$65.78", "oos": "Out of Stock", "manufacturer": "Remington"},
{"shoplist": "5 1/2 Small Mag Pistol Primer (1000 Count)", "prices": "$59.67", "oos": "Out of Stock", "manufacturer": "Remington"}
]